"ID","Description","GeneRatio","BgRatio","pvalue","p.adjust","qvalue","geneID","Count"
"GO:0019865","immunoglobulin binding","2/34","24/17696",0.000963081067855398,0.0472896650901084,0.0404085063927861,"931/3512",2
"GO:0005179","hormone activity","3/34","122/17696",0.00163676305795227,0.0472896650901084,0.0404085063927861,"7425/1114/10911",3
"GO:0048018","receptor ligand activity","5/34","482/17696",0.00212755291600506,0.0472896650901084,0.0404085063927861,"80326/7425/1114/4283/10911",5
"GO:0030546","signaling receptor activator activity","5/34","487/17696",0.0022253960042404,0.0472896650901084,0.0404085063927861,"80326/7425/1114/4283/10911",5
